"","Entidad","distrito","Clave Federal","Porcentaje Población Estatal","Porcentaje Población 60+","Densidad de Población (km²)","Estimador Viviendas Particulares","Población Autoadscrita Indígena","Población Aut. Afrodescendiente","Índice Étnico","Aprox. Distancia Mínima","ANP Cercana"
"1",1,1,101,0.3327857961,0.07850117675,98.50174779,104471,0.1133755804,0.00027701719,0.201534183271485,0.143700631374229,12
"2",1,2,102,0.3353015213,0.06118182768,1654.155789,112124,0.1122318211,0.00045444424,0.200078148096733,0.271837459309108,12
"3",1,3,103,0.3319126825,0.1188890164,456.835446,117994,0.1250545162,0.00076207965,0.220164163121309,0.333406937534468,12
"4",2,1,201,0.1280925735,0.08223909589,184.9939305,123255,0.04581788216,0.00032727059,0.0880615449460126,0.520678752483323,29
"5",2,2,202,0.1213843196,0.124914903,3487.166415,122248,0.05114514438,0.00038759497,0.0977938794515729,0.426018101626873,29
"6",2,3,203,0.1214636377,0.1004854188,8.261512268,119643,0.1908155284,0.00239109114,0.312668158050515,0.610121874284126,102
"7",2,4,204,0.1186181413,0.04030662836,462.8880944,107306,0.1095217513,0.00713686405,0.207662049328333,0.527993211109631,29
"8",2,5,205,0.1166083493,0.1027115242,4201.419441,117200,0.07533506101,0.00147163038,0.142036577824366,0.659868900099426,29
"9",2,6,206,0.1194170517,0.1000002526,3251.59053,116416,0.05704378484,0.00262906008,0.112523936073377,0.711838117333709,29
"10",2,7,207,0.1350460195,0.07219823976,21.74351554,128576,0.08862591311,0.00177542147,0.164772563270177,0.132994195977486,29
"11",2,8,208,0.1393699073,0.05944585582,3563.937109,133219,0.06856257493,0.00210985073,0.131644981420197,0.640929823095104,29
"12",3,1,301,0.537888204,0.102942098,6.15791016,116870,0.1289400301,0.01911528178,0.257199323024398,0.8087868130954,120
"13",3,2,302,0.462111796,0.05650124454,33.73649008,92964,0.1630546109,0.01127836687,0.29155996070684,0.0303373751623278,95
"14",4,1,401,0.4999905548,0.1044033096,14.93204057,120074,0.5554108504,0.00170460733,0.495369163790092,0.491680143136889,16
"15",4,2,402,0.5000094452,0.08658500269,17.56197416,124397,0.3353527093,0.00619369119,0.453939055846917,0.495527481466523,132
"16",5,1,501,0.1408998228,0.08464814205,17.03201994,116307,0.05265559737,0.00081182283,0.101302804386458,0.370669902408946,67
"17",5,2,502,0.142815614,0.09796733711,5.254048636,114169,0.06349879623,0.00321557885,0.124935505247685,0.371204583116849,123
"18",5,3,503,0.1417130442,0.1053659701,21.86796066,118759,0.05304597015,0.00018865672,0.100821417701499,0.644319487402426,13
"19",5,4,504,0.1517393901,0.08579387435,248.2428406,120851,0.06823722002,0.00113966595,0.12928300259857,0.19388057607553,14
"20",5,5,505,0.1244949516,0.1555894442,4358.663652,105976,0.05837356472,8.426844e-05,0.110090867902948,0.733968792840634,72
"21",5,6,506,0.1495339121,0.06248132893,73.30808127,118550,0.1083397456,0.00013805278,0.193450644483385,1,72
"22",5,7,507,0.1488032651,0.09684535628,23.08516053,114663,0.07736166167,0.00087332073,0.144363662943431,0.831483720817459,14
"23",6,1,601,0.5053294621,0.1128550283,154.7965136,108056,0.1897147531,0.00059542359,0.308410347955175,0.0512285793971193,64
"24",6,2,602,0.4946705379,0.08991350863,101.949345,97187,0.2191759018,0.0015575837,0.344703197382196,0.323701821090535,141
"25",7,1,701,0.07359347846,0.07562681639,55.22343416,85781,0.7467292007,0.000111978,0.378306099480861,0.0166444812677741,81
"26",7,2,702,0.07299419614,0.05656681816,115.3177484,78270,0.7731839938,0.0027567955,0.351976381910546,0.250704202003389,11
"27",7,3,703,0.07469717749,0.05053327278,29.56160253,75037,0.8398231746,0.00019499029,0.269102809818401,0.152744753403782,8
"28",7,4,704,0.0727199483,0.08488691408,60.41752074,93708,0.3212446567,0.00087495981,0.437279290666481,0.325210910192016,139
"29",7,5,705,0.08059302694,0.06194845991,300.216695,94052,0.7077238798,0.00025444264,0.413850185054821,0.300447175912532,11
"30",7,6,706,0.08480755123,0.08406889663,106.8449713,112975,0.1466968575,0.00070731586,0.251559888099954,0.12007181159573,11
"31",7,7,707,0.07520830187,0.1088780165,50.57785461,102625,0.06250031853,0.0015493209,0.120088232337284,0.213746670395229,127
"32",7,8,708,0.08339625766,0.08668885038,74.25564237,108728,0.1705189427,0.00027576444,0.283341796427409,0.312804186627796,62
"33",7,9,709,0.08036841585,0.08741758176,4142.091878,112490,0.1178691085,0.00066053821,0.209116453221491,0.0400792648240419,11
"34",7,10,710,0.07470810141,0.1012518598,30.84938498,98117,0.08723769945,0.00017957006,0.159582311560681,0.177073416931723,111
"35",7,11,711,0.06659757129,0.06593381295,52.0230013,71619,0.6924028777,1.726619e-05,0.425972886769989,0.245541586725852,62
"36",7,12,712,0.08385832023,0.09420314696,383.346981,114401,0.07412384446,0.00082273491,0.138781147770474,0.196628084574405,105
"37",7,13,713,0.07645765314,0.09642836553,85.92643221,91204,0.09499961148,0.00170447852,0.175028667548896,0.228826213296517,105
"38",8,1,801,0.1194725598,0.0388267716,3408.198726,116623,0.07526952576,0.00215338199,0.143181370293405,0.206524506244141,74
"39",8,3,803,0.1046315921,0.08145271814,320.2718158,101096,0.05881009325,0.00016660844,0.111016497211323,0.266681048468488,74
"40",8,4,804,0.1040110511,0.1243880483,3347.28249,115625,0.06119922254,0.00111104203,0.116991380815324,0.284784001880403,74
"41",8,5,805,0.1173868448,0.114983413,5.93156438,123970,0.07653744356,0.00020838573,0.141743712575278,0.692005791135463,10
"42",8,6,806,0.1226871703,0.1143198288,71.04576685,134199,0.04825528365,0.00022917593,0.0922895514174865,0.273300733829314,32
"43",9,1,901,0.04382892798,0.1277120454,13219.8277,105013,0.06774197675,0.0049476202,0.135481962035606,0.024463087470467,41
"44",9,2,902,0.04293024967,0.1807354785,11471.26127,115094,0.06896416632,0.01058556206,0.14790318711433,0.00298774477101572,41
"45",9,3,903,0.04486787411,0.170171506,11929.95287,119027,0.07532718081,0.01195268904,0.161124913074898,0.0362448218843082,41
"46",9,4,904,0.04138102469,0.1072906252,19091.29127,98682,0.06702378727,0.01233664713,0.147778409329419,0.0104567741662768,22
"47",9,5,905,0.03687911168,0.1339324804,1134.480405,90135,0.1214762611,0.01990197986,0.247616104089873,0.0318936894912094,33
"48",9,6,906,0.04702840216,0.1337672556,3773.493294,120968,0.1029802351,0.02342226355,0.22567387438398,0.0189620674506353,65
"49",9,7,907,0.04380728794,0.1645448449,16030.1119,104480,0.06038617668,0.00832859827,0.1289919737204,0.0233479832062881,41
"50",9,8,908,0.03445116656,0.1649786173,20763.89972,94067,0.0732999629,0.01738929499,0.16747870214197,0.0298786952653604,41
"51",9,9,909,0.04065535457,0.09995283943,4201.866918,94771,0.1463053413,0.03563519227,0.308103589563234,0.0616136142546804,22
"52",9,10,910,0.04086256075,0.1701272367,7719.319486,128042,0.05014282226,0.01437003175,0.12214299925079,0.0355955044232218,68
"53",9,11,911,0.03557779409,0.1656130045,11003.01451,94577,0.05982553119,0.01386989215,0.13818836316832,0.0454129311963727,41
"54",9,12,912,0.03758998136,0.154101989,14637.92543,125493,0.08810685693,0.02771646403,0.209700579625387,0.0392676611144358,37
"55",9,13,913,0.04376759585,0.1489440192,16873.41266,110174,0.06836720055,0.01739217314,0.159187515406723,0.0311025276012494,22
"56",9,14,914,0.03898996855,0.1310987007,10161.64498,100330,0.1154403603,0.01911784159,0.237318525430876,0.00851997246879208,44
"57",9,15,915,0.0468025833,0.1924842363,15651.84527,159700,0.09371705924,0.03000364145,0.222451483907922,0.0110982787388757,37
"58",9,16,916,0.04239272455,0.1466941384,15508.31726,108280,0.07925710024,0.01647508768,0.175746607583533,0.0214936506786495,37
"59",9,17,917,0.04435378302,0.1045740894,3190.052844,107801,0.09904038668,0.0232016098,0.219193574365548,0.00509738548084094,34
"60",9,18,918,0.04521153587,0.1463472098,13926.59897,112576,0.09078531642,0.01786839142,0.196940534363202,0.00906152482577537,22
"61",9,19,919,0.03675398067,0.136368351,15412.36245,90137,0.07330778899,0.02024124761,0.1725629109198,0.0155953921698617,22
"62",9,20,920,0.03991196877,0.1247889516,14769.24033,98451,0.04791255222,0.00684906493,0.104181877236467,0.0348997316630371,22
"63",9,21,921,0.04472502742,0.09632803275,1139.276605,99784,0.1598823727,0.01824827583,0.298635396443332,0.0901259293465396,30
"64",9,22,922,0.04190946772,0.0921327212,18284.37611,96358,0.1111494585,0.01202591927,0.218679756992086,0.0466924071121852,22
"65",9,23,923,0.04177155452,0.1674773048,10043.68428,114190,0.08961846322,0.02485599094,0.207195218429246,0.0105075486686832,37
"66",9,24,924,0.04355007421,0.1744402793,6800.248209,113193,0.09330909765,0.02454120409,0.212503051457347,0.0248412615459481,22
"67",10,1,1001,0.2478985658,0.08614922724,8.439259676,105735,0.1380893377,0.00012413765,0.238255305335094,0.794888890961379,75
"68",10,2,1002,0.2485915405,0.1056790542,11.72171955,117652,0.06858742323,0.00011920673,0.127988410083964,0.757983877222365,72
"69",10,3,1003,0.2397538344,0.1185284841,13.28999516,109627,0.04886275311,7.843902e-05,0.0930995691787259,0.651449179490415,91
"70",10,4,1004,0.2637560593,0.09593217336,196.320586,122975,0.06236023395,0.00011019236,0.117149487535992,0.477419660002726,91
"71",11,1,1101,0.06153585174,0.09194055706,53.10917837,82805,0.1498316265,0.00011382218,0.254957730525029,0.201515193432893,94
"72",11,2,1102,0.06932633967,0.09346400075,141.4610508,96158,0.09635448752,0.00012813752,0.174372149460925,0.249114809413438,24
"73",11,3,1103,0.06451517568,0.07854871297,1231.911346,95787,0.07791320558,0.00070435402,0.144983434804204,0.591699452194202,181
"74",11,4,1104,0.06128062754,0.0965998266,59.63275702,86688,0.09424142151,0.00023138017,0.171138994037723,0.30232417979444,181
"75",11,5,1105,0.06471573338,0.08508942124,3548.738126,90426,0.06933016564,0.00080248136,0.130539389980771,0.688186466921036,181
"76",11,6,1106,0.07121335871,0.07254234035,905.5311753,102351,0.08504294008,0.00058292952,0.156687308190968,0.56690467152744,181
"77",11,7,1107,0.06617635377,0.1012791223,125.8486213,95054,0.1305608261,0.00036398838,0.227662060113922,0.513341324094086,60
"78",11,8,1108,0.07105055506,0.1017342819,316.6543847,104784,0.1181634356,0.00038951015,0.209088341323045,0.423005973337098,24
"79",11,9,1109,0.06787614007,0.07984395646,374.5283712,93763,0.03224060907,0.00027936828,0.0629428708533151,0.632440113920487,24
"80",11,10,1110,0.06594248367,0.1365160127,193.1035574,102107,0.0799754408,0.00014507547,0.147425643234582,0.385294027869829,49
"81",11,11,1111,0.06948555583,0.06607809296,1187.541064,98865,0.1148702138,0.00023847807,0.20377214990573,0.694957154455865,181
"82",11,12,1112,0.07212850999,0.0929569392,1491.481686,113977,0.0990959625,0.00085027367,0.180082489466335,0.24749476776394,24
"83",11,13,1113,0.06740583739,0.116756891,158.4293181,96734,0.0633851363,5.829101e-05,0.118844107249549,0.630318234693038,60
"84",11,14,1114,0.06492261189,0.1217726742,119.6936517,97542,0.1047558652,0.00015261712,0.187837360391529,0.244163934593393,36
"85",11,15,1115,0.0624248656,0.09907091937,1211.541778,85994,0.05373068976,0.00013683073,0.101946325471525,0.606861915440644,24
"86",12,1,1201,0.100680931,0.1388633546,22.27107549,90558,0.06927987721,0.00488009198,0.137996720665772,0.669441370724908,149
"87",12,2,1202,0.1113040087,0.1300039414,69.79338518,106530,0.2551460211,0.02744968406,0.419478100506967,0.207130508820049,90
"88",12,3,1203,0.121033575,0.116274828,29.88447101,119232,0.1929020068,0.04209595877,0.375788633345728,0.270694150914336,149
"89",12,4,1204,0.1159801554,0.1340672105,1513.815546,115592,0.1847105936,0.1038539534,0.448955949189811,0.0364425036281734,169
"90",12,5,1205,0.1061900216,0.09164543332,49.35584817,81790,0.8544547383,0.07319374407,0.25931503392233,0.411161588813719,45
"91",12,6,1206,0.1169076298,0.09337293979,64.17105903,94993,0.7252580714,0.03666017857,0.415973841479021,0.0676820764304832,45
"92",12,7,1207,0.1098854851,0.08420797779,66.76131995,92270,0.2018220078,0.05278774407,0.400874709236274,0.438981206736093,45
"93",12,8,1208,0.1060618111,0.1045436472,60.9427574,91126,0.3439877463,0.1575986743,0.608418992124009,0.33024476614504,152
"94",12,9,1209,0.1119563824,0.09222640746,274.6039153,103066,0.221859595,0.08661930885,0.465073989020287,0.131489284223021,169
"95",13,1,1301,0.1438846555,0.1311704606,122.9467968,101266,0.8241440013,0.00024800984,0.289948437860891,0.330693638317899,137
"96",13,2,1302,0.1393747251,0.123112683,70.36109321,106147,0.6299917416,0.00048696857,0.466564184739784,0.116808523712852,66
"97",13,3,1303,0.1401213074,0.1138153936,88.3206819,105299,0.2778758455,0.00046439976,0.401991997209126,0.0639520988430561,137
"98",13,4,1304,0.1421633882,0.101522318,186.6549715,104225,0.2907834056,0.00053155623,0.413210245149626,0.13217607336934,112
"99",13,5,1305,0.1517118738,0.1049494174,176.4448139,114765,0.2232484025,0.00101465016,0.348391309797869,0.11166497009406,99
"100",13,6,1306,0.1515334498,0.09399566419,898.5815998,120487,0.1641189739,0.0013367595,0.276599042565118,0.152186019030727,125
"101",13,7,1307,0.1312106002,0.09450015598,175.6329137,105063,0.1273973662,0.00093321637,0.223961466909754,0.241051788395483,125
"102",14,1,1401,0.04776024465,0.1130912187,23.98991051,96438,0.1987290183,0.00024821777,0.3188692473394,0.502497676908953,15
"103",14,2,1402,0.046118399,0.09719423645,49.98268214,89300,0.1212633813,0.00040907596,0.213835752676863,0.620469826843712,12
"104",14,3,1403,0.05401085811,0.1119691484,57.05774249,111255,0.08428957815,0.0002006108,0.154737012641795,0.687884121541939,58
"105",14,4,1404,0.0496240199,0.08899232453,6926.400902,97630,0.07403953844,0.01405114927,0.162742118110563,0.140535761077929,58
"106",14,5,1405,0.04699515477,0.09701656499,30.02752534,105297,0.1890422032,0.0023598404,0.31042682146832,0.410301894621729,156
"107",14,6,1406,0.0544107393,0.07809897316,538.3176747,114248,0.09329425573,0.01440107955,0.194881176074508,0.134982361293474,58
"108",14,7,1407,0.04951362872,0.0672277345,6866.692532,93610,0.09831731141,0.00919093984,0.193707711315133,0.195788987884695,58
"109",14,8,1408,0.04479064556,0.1732963358,6992.751471,108232,0.08235076485,0.0163927428,0.180686364509088,0.125237738782586,58
"110",14,9,1409,0.04663071093,0.1139361964,10300.43555,88885,0.07959323146,0.0113064159,0.167073631295079,0.165625493917511,58
"111",14,10,1410,0.04576925185,0.1096832771,1216.682147,101150,0.1049430166,0.00903211791,0.20386532184638,0.0251449202205423,58
"112",14,11,1411,0.04581794634,0.1285270731,14504.44502,92533,0.05972723782,0.02752661128,0.162569406751067,0.163946116840677,58
"113",14,12,1412,0.06998762242,0.04787074189,780.5020625,145225,0.0891937032,0.00781180276,0.176584402780554,0.133145460892324,58
"114",14,13,1413,0.05366158349,0.08492847403,5136.959431,113381,0.08217765805,0.0165856625,0.180744195930791,0.100283479735125,58
"115",14,14,1414,0.04884847728,0.1409600008,9677.268514,103825,0.04816966243,0.00700402914,0.104933874095724,0.123454833214813,58
"116",14,15,1415,0.05128383917,0.1064792835,126.1470998,101382,0.1527268569,0.00031816024,0.259341662964126,0.426654138839071,60
"117",14,16,1416,0.05071531187,0.09386381402,6578.020705,97922,0.07642772582,0.00896562298,0.157573093911285,0.160531640841927,58
"118",14,17,1417,0.04336410094,0.1252792606,85.45833803,89049,0.1296974578,0.00120523011,0.227846978978536,0.273977529630353,58
"119",14,18,1418,0.04669827135,0.1369165256,26.57067064,101416,0.2159633128,0.00107277393,0.340326207197473,0.216873207055927,141
"120",14,19,1419,0.04754252164,0.1268731751,34.95801749,99005,0.1949657205,0.00042095328,0.31458558589744,0.219432743979501,104
"121",14,20,1420,0.05645667274,0.06790127638,317.153504,110204,0.07887232356,0.00703104362,0.158157066868998,0.318781417729731,58
"122",15,1,1501,0.02553916551,0.09889990276,132.6911967,102956,0.4594478228,0.01633939499,0.513841681263352,0.244654469876137,99
"123",15,2,1502,0.02339499449,0.07724136474,3370.392781,101670,0.1416285327,0.03369605687,0.29871640190877,0.126592911635829,41
"124",15,3,1503,0.02669115783,0.0841561243,338.9448489,102592,0.5647239079,0.01244022904,0.50214198145789,0.240830035234687,85
"125",15,4,1504,0.02618150872,0.07729533571,1386.410362,108602,0.1685589973,0.0257965721,0.32185945274031,0.120479434376867,68
"126",15,5,1505,0.02382952441,0.09024402257,358.6587974,99452,0.1301151285,0.02568808766,0.269741965642001,0.126229969906587,76
"127",15,6,1506,0.02321504202,0.100378929,8281.373302,105420,0.07464422187,0.01291392138,0.161711328826626,0.0746667998882905,41
"128",15,7,1507,0.02348734909,0.1078868187,4167.95486,107246,0.08571714132,0.03083607747,0.211223492779882,0.118808522736142,68
"129",15,8,1508,0.02271972487,0.09353468669,6434.369082,95870,0.1065534099,0.02105074257,0.227128722288347,0.0664436172965732,41
"130",15,9,1509,0.02584322526,0.06850408758,234.3343008,89663,0.6456781565,0.00355452503,0.460049371863938,0.0542460293076982,116
"131",15,10,1510,0.02453475523,0.08647921865,9878.784209,101104,0.1297163101,0.01056503818,0.243945898747041,0.0895862168536881,41
"132",15,11,1511,0.0238711612,0.09696519563,7334.69406,97919,0.1390259745,0.03708946553,0.300510381804064,0.0563430108232272,41
"133",15,12,1512,0.02252550222,0.06589895621,5956.285139,94820,0.152426817,0.02612756901,0.301310518853468,0.114785193437242,22
"134",15,13,1513,0.02303558376,0.133159556,18489.89115,97455,0.06971206063,0.01485420673,0.156900662289939,0.051211933800552,41
"135",15,14,1514,0.02469049164,0.131197458,8474.362553,114028,0.07541533227,0.01292784227,0.163027231145042,0.0705370913836758,68
"136",15,15,1515,0.023789988,0.101030114,5083.758898,104894,0.05237300151,0.00747072861,0.113307445132194,0.0512865127869133,68
"137",15,16,1516,0.0223025539,0.09784640953,9385.330599,94612,0.1572771969,0.02997853334,0.313811922846346,0.0177948006622871,41
"138",15,17,1517,0.01955347572,0.122581542,15505.52783,87069,0.07487267948,0.0159419191,0.167521842927648,0.0373988203119202,41
"139",15,18,1518,0.0267434818,0.08991644973,952.4478005,108887,0.2610501417,0.01577915193,0.408627971331095,0.0984240217538632,48
"140",15,19,1519,0.02385516131,0.1531419782,10177.32874,111687,0.07451095148,0.01331579302,0.162210759716325,0.0435241505936843,41
"141",15,20,1520,0.02163377072,0.1369792604,18991.37483,96368,0.08593970857,0.01454030423,0.183266738671514,0.0451018241231104,41
"142",15,21,1521,0.02264398792,0.08950708221,322.7797608,91292,0.1324777931,0.02217420721,0.267344698290077,0.0139085586617365,88
"143",15,22,1522,0.0251312609,0.1535833241,3508.095997,116682,0.1036097489,0.02052038396,0.221695909611172,0.0194330058062141,68
"144",15,23,1523,0.02524709024,0.08457265898,401.8257862,93569,0.2640216301,0.00924172356,0.402061016251469,0.063950275827254,27
"145",15,24,1524,0.02702388148,0.1042857273,15681.19853,114746,0.106011631,0.01481991167,0.215604727946801,0.0107106730830045,68
"146",15,25,1525,0.02478729408,0.06757682923,16810.33547,98218,0.1846393867,0.05569387435,0.385712934972007,0.0898374675098445,22
"147",15,26,1526,0.02838183381,0.07706003474,1941.450285,111181,0.3050731988,0.01077847961,0.438755241816818,0.119580315064784,27
"148",15,27,1527,0.02541660263,0.0963362289,1741.584821,103714,0.07584934643,0.01497688572,0.167425629393706,0.0592579105854386,27
"149",15,28,1528,0.02703246829,0.06720430722,565.8369087,111144,0.0937770658,0.01009847095,0.188064829179314,0.17981939925882,99
"150",15,29,1529,0.02123741815,0.1348292382,19355.38045,93772,0.1231241801,0.02019878819,0.250536908570902,0.0553597401344332,22
"151",15,30,1530,0.02473015161,0.06367624063,7252.485915,101584,0.122134182,0.02039857914,0.249417073838068,0.0735992591608944,76
"152",15,31,1531,0.02019396566,0.1173047979,19736.66112,85621,0.111581195,0.00974327913,0.215384025671246,0.0626090207338824,22
"153",15,32,1532,0.02447285603,0.07267320784,8525.437171,99446,0.1405175221,0.03429196001,0.298139496645982,0.0910480489400785,22
"154",15,33,1533,0.02292315208,0.07000277575,1419.12943,95424,0.1486885259,0.0343734757,0.309322493204188,0.0804142935126109,88
"155",15,34,1534,0.02574092479,0.09817511592,2197.3072,107987,0.1042468633,0.01354743643,0.210662160869405,0.0705693857774989,113
"156",15,35,1535,0.02545718923,0.08867458887,264.5549474,99356,0.1281731462,0.00957555491,0.240002650903867,0.0451214557147633,35
"157",15,36,1536,0.02449299489,0.1105141961,68.95151091,99096,0.1238968632,0.00647694857,0.228357909170983,0.225455335769339,144
"158",15,37,1537,0.02446167463,0.07690112532,1177.504253,101729,0.1268435461,0.0252995131,0.264409257386946,0.164880875416638,68
"159",15,38,1538,0.02258381844,0.09293228805,633.8078626,91416,0.164930603,0.01550695064,0.300874827192317,0.013032775844573,76
"160",15,39,1539,0.02433732025,0.0745196884,8902.760439,100183,0.1950792333,0.015011562,0.337762194071618,0.0836071872792032,22
"161",15,40,1540,0.02871968484,0.06528243526,465.3462898,107254,0.2982062925,0.01919110008,0.444758389134541,0.13242321256559,113
"162",15,41,1541,0.02754681235,0.06091940877,2973.672376,122478,0.09335369587,0.01397120989,0.194221068885228,0.146922958338896,41
"163",16,1,1601,0.07939912806,0.09155144326,33.62213698,95631,0.1932896157,0.00221426746,0.315420219471523,0.12698086567715,110
"164",16,2,1602,0.08776934133,0.1312553433,97.39968353,106616,0.2108078017,0.00031811042,0.333237643019672,0.353386924290236,49
"165",16,3,1603,0.08230567932,0.1158965144,44.73913883,95583,0.2419937031,0.00092227452,0.368261980126579,0.392745355581717,49
"166",16,4,1604,0.08327634748,0.1213296733,96.06636633,100272,0.2777189885,0.00043218834,0.401806253142299,0.245052945420927,60
"167",16,5,1605,0.08510425739,0.1168987948,207.5693982,103513,0.1672450648,0.00036395512,0.279154212118171,0.178863180542815,60
"168",16,6,1606,0.08488809287,0.105314685,93.66586467,95540,0.207268345,0.00034689478,0.329166104596066,0.200276896055504,21
"169",16,7,1607,0.0872922961,0.1227644938,114.4103055,100804,0.5994042815,0.00064469538,0.480753270792601,0.175238506467826,60
"170",16,8,1608,0.09039908858,0.09364141765,562.9164297,110642,0.2064440005,0.00061288704,0.32862171942928,0.22579229930805,49
"171",16,9,1609,0.07304397825,0.1013175341,329.8322052,86678,0.3557819798,0.00105713296,0.459762138444153,0,6
"172",16,10,1610,0.08124187065,0.1275228151,758.8352812,105360,0.145012364,0.00051013422,0.248839353002019,0.115147185498572,49
"173",16,11,1611,0.08749450046,0.1078216775,60.94433525,99254,0.4019660148,0.00121161958,0.482224918819547,0.400012135104037,49
"174",16,12,1612,0.07778541952,0.09898907755,27.46829351,91991,0.3114314157,0.00131237644,0.430687655741066,0.44517557252488,146
"175",17,1,1701,0.1931362935,0.1448891065,2006.482182,107606,0.2038754946,0.00438134867,0.331558360256652,0.0771598705034292,63
"176",17,2,1702,0.2027932395,0.09883443846,1782.043576,106539,0.2548616867,0.00623186904,0.389023951091743,0.130277074001647,42
"177",17,3,1703,0.2063145974,0.1149792252,318.7090794,106433,0.2718364292,0.00242117805,0.399397073022148,0.149191626202192,90
"178",17,4,1704,0.1998438921,0.1237564559,220.6968845,103923,0.2853324222,0.00507799666,0.415042249128961,0.127056921709035,90
"179",17,5,1705,0.1979119776,0.1099613309,241.0184693,99483,0.3889624642,0.00277345025,0.478715311647197,0.111065600796051,42
"180",18,1,1801,0.3073900343,0.1331412532,23.30149103,100564,0.3354616395,0.00028371295,0.446231171139159,0.26550593460206,73
"181",18,2,1802,0.35030185,0.09987817966,254.6582345,117882,0.160764181,0.00021270219,0.270195042323611,0.497864232955052,15
"182",18,3,1803,0.3423081157,0.09575965351,36.15455542,114107,0.1823178318,0.00136538019,0.30038524555772,0.600936164153147,15
"183",19,1,1901,0.08235954108,0.1029741011,403.9404029,113343,0.04860307371,0.00876340006,0.109002979272525,0.135756960964753,124
"184",19,2,1902,0.09419740662,0.04820588748,2368.074274,128519,0.06800291968,0.01380006802,0.152099407640993,0.122462710797214,23
"185",19,3,1903,0.08263339574,0.05004231258,2696.628564,109255,0.1804454404,0.07448905782,0.406768221361256,0.162628069267516,23
"186",19,4,1904,0.08412826711,0.1499947759,7198.965813,120914,0.02118204298,0.00464597917,0.0505186935045645,0.0854384595218017,23
"187",19,5,1905,0.06466251418,0.08903757854,8915.881917,77596,0.0446381102,0.00804434509,0.100532197114463,0.132660393829652,23
"188",19,6,1906,0.07897952614,0.1701159432,4511.26643,117959,0.04611758537,0.00735774208,0.10191007620524,0.112277502831057,23
"189",19,7,1907,0.1065882554,0.04939900564,24.15192625,150912,0.1151317899,0.01303330346,0.226478699519364,0.524735427078469,40
"190",19,8,1908,0.08661210148,0.07555969518,5321.622426,116780,0.08038140687,0.0137908171,0.172824682965858,0.0653115311714969,23
"191",19,9,1909,0.07592551935,0.1428553052,10.28501185,110803,0.02750957677,0.0004424995,0.0543658613523239,0.402167437794265,14
"192",19,10,1910,0.07251991599,0.1616172771,2050.794724,107008,0.04054236046,0.00757947132,0.0922268214889782,0.0258621510209982,23
"193",19,11,1911,0.07486076776,0.1442713633,5776.970681,106156,0.05986170907,0.01714807567,0.144211581822333,0.0294280830015621,23
"194",19,12,1912,0.09653278911,0.04548765682,259.3263208,134297,0.06668959935,0.00800283286,0.139294356995306,0.152443691894075,23
"195",20,1,2001,0.09893925964,0.1096031382,72.03033537,107847,0.586489378,0.0239569005,0.503704174477107,0.630525044762185,142
"196",20,2,2002,0.09874671393,0.1280881842,49.32878734,102869,0.8196806664,0.02582334565,0.303587749656846,0.301254392493402,142
"197",20,4,2004,0.1057983225,0.1291722646,46.85674999,111745,0.7752146281,0.02990261937,0.360168826500922,0.149934101066817,107
"198",20,6,2006,0.09780313915,0.1335757282,34.16459651,97772,0.8128800841,0.04731596199,0.317442023085668,0.307420691461026,121
"199",20,8,2008,0.09745585121,0.116148686,1848.226746,102705,0.4124786007,0.04297713437,0.531485913417759,0.0260767832392608,7
"200",20,9,2009,0.09858012661,0.09948230241,42.94893371,98272,0.6714294845,0.1964540911,0.493133487837896,0.193442408012924,61
"201",20,10,2010,0.1074291645,0.1041084578,44.64055475,106417,0.5917793308,0.04908660534,0.518410452989501,0.339613037911042,159
"202",21,1,2101,0.06530550182,0.112105386,139.829919,102555,0.5139402575,0.0003574425,0.499958559730403,0.17826337145495,112
"203",21,2,2102,0.0653127965,0.1136565014,112.5504692,101178,0.5819928668,0.00033506492,0.486834234104124,0.222904130589509,112
"204",21,3,2103,0.06667106509,0.09967759661,228.1093985,104515,0.6044601567,0.00065404609,0.478692698347746,0.337252358444447,28
"205",21,4,2104,0.06568028604,0.08803871917,95.27396807,92171,0.5545197866,0.00022212679,0.494252993237181,0.227001047071556,9
"206",21,6,2106,0.06796189845,0.08742537251,2734.611902,103322,0.3221164511,0.00224687477,0.439751028055061,0.0777317498765293,70
"207",21,7,2107,0.06993097454,0.07209153539,300.8186235,95257,0.2617224082,0.00038479726,0.387015456743011,0.140683399611459,70
"208",21,8,2108,0.06479876503,0.09490263574,96.25462541,93156,0.2702383573,0.00063541938,0.395345776953123,0.180269455172846,83
"209",21,9,2109,0.06593786914,0.1221227103,5933.236396,115020,0.2004213756,0.00205525085,0.323783516787974,0.13888763425134,70
"210",21,10,2110,0.07392035155,0.07829282948,1626.808471,117713,0.2365867993,0.00179822195,0.363966076938437,0.1677807067705,106
"211",21,11,2111,0.06450714011,0.06550534381,1446.141057,106236,0.2605437544,0.00282456771,0.389482744989367,0.214987820379501,70
"212",21,12,2112,0.05978764713,0.1676522343,8534.192878,109128,0.1837629432,0.00223413399,0.303625431008566,0.162856306623124,70
"213",21,13,2113,0.06607225328,0.1179635518,142.4679525,103561,0.322705058,0.00060845159,0.437956469024476,0.314770872828682,88
"214",21,14,2114,0.06592749449,0.1258006536,44.94780534,103997,0.3165633552,0.00124416337,0.434399512482406,0.485604671133871,121
"215",21,15,2115,0.07098643304,0.08670334112,210.9341699,109469,0.4303105454,0.00160993088,0.492115897370174,0.305290794873123,9
"216",22,1,2201,0.1680704013,0.09314340757,45.77525523,81529,0.3454420736,0.00031524563,0.452636189066009,0.185063204050336,114
"217",22,2,2202,0.1855421876,0.0867838521,259.8259739,97806,0.1510137386,0.00162610655,0.259172974504123,0.241626246214895,36
"218",22,3,2203,0.2192484983,0.06253608109,785.9547072,120158,0.147139245,0.00164462643,0.253778440247037,0.104544022307756,24
"219",22,4,2204,0.2119441397,0.1153578183,3839.566792,118853,0.1409561109,0.00139808019,0.244573086630841,0.0132557263926905,24
"220",22,5,2205,0.2151947731,0.0733049582,209.6413997,115250,0.202283385,0.00067480229,0.323805325586769,0.0771489602159898,36
"221",23,1,2301,0.2523718634,0.04881884777,43.26168835,115931,0.4179579472,0.00491355106,0.492209703867686,0.179843591391878,80
"222",23,2,2302,0.254691448,0.09230588205,10.93922283,104048,0.582213971,0.00459947442,0.49028260792178,0.388570756806463,143
"223",23,3,2303,0.2262450701,0.05138922822,9695.556381,98693,0.4455538515,0.00575177867,0.500383170972506,0.0636809527211393,31
"224",23,4,2304,0.2666916185,0.05625115494,194.5670218,122528,0.3369350787,0.00719932876,0.456263246928985,0.149103276674133,71
"225",24,1,2401,0.1322309792,0.1135928544,14.89672647,89337,0.07174021927,0.00026434415,0.133677740747958,0.586075860641891,96
"226",24,2,2402,0.1678602704,0.08325698028,89.64372774,116308,0.06855773825,0.00026522641,0.128209095036404,0.0793502021840965,181
"227",24,3,2403,0.1247282749,0.1502762627,17.60975049,89571,0.1318184366,0.00012389783,0.229099773666822,0.307967550999735,126
"228",24,4,2404,0.1256253173,0.1237892727,44.03717801,94660,0.377667847,0.0005594168,0.470765348913594,0.107333247869565,93
"229",24,5,2405,0.1492291616,0.1204256641,323.8129937,110686,0.09727105514,0.00058928246,0.176682024102947,0.259165409381004,180
"230",24,6,2406,0.1552247757,0.08785582391,1632.95742,111929,0.1044698286,0.00077037402,0.188490366428657,0.129987376081133,180
"231",24,7,2407,0.1451012208,0.1288014221,112.9870172,97742,0.8022892846,0.00013439531,0.317295483493615,0.389808734872908,114
"232",25,1,2501,0.1401466665,0.1063311845,54.01798406,115646,0.07833156933,0.00020205908,0.144763850447188,0.419444739258823,150
"233",25,2,2502,0.1560026713,0.1068040471,132.4573448,127273,0.2927905539,0.00047757556,0.414803526631548,0.744298356485866,89
"234",25,3,2503,0.1496193433,0.1275610102,23.54457147,116086,0.07416311605,0.00040331757,0.138072383769886,0.581392054076473,168
"235",25,4,2504,0.1411135208,0.1312555544,40.22477405,109986,0.2400618269,0.00068802737,0.365909062092746,0.553245512870395,89
"236",25,5,2505,0.1354536478,0.07768063136,1405.520352,111383,0.06347203452,0.00014186198,0.119152345881158,0.722206983506478,151
"237",25,6,2506,0.1447992311,0.118064076,33.14714439,119098,0.07216178022,0.00070078064,0.135208355326898,0.214498616021601,151
"238",25,7,2507,0.1328649192,0.1042854968,115.3673565,106765,0.05752308941,4.567137e-05,0.10851445144111,0.711519903285368,151
"239",26,2,2602,0.1468317704,0.07652460223,19.17839736,117268,0.0912933463,0.00056867191,0.166950607563993,0.583682427070428,176
"240",26,3,2603,0.1603993222,0.07452465162,46.84456255,131243,0.1136133476,0.00136704353,0.203830430354701,0.636660998971172,53
"241",26,4,2604,0.1297263826,0.1253532668,5.542094059,106676,0.1986326377,0.00063554223,0.3193732236538,0.723761764872334,176
"242",26,5,2605,0.149831423,0.09912918053,62.43476979,126449,0.1070014447,0.00028566812,0.191614310288587,0.727688427253406,53
"243",26,6,2606,0.1518813611,0.1147785231,93.27266337,128450,0.1370393983,5.312858e-05,0.236610893324584,0.835732891544958,89
"244",26,7,2607,0.1273578849,0.1324005818,18.52825273,96678,0.5572019658,9.641555e-05,0.493541236857327,0.331962365984071,89
"245",27,1,2701,0.1451605496,0.1040325109,34.26872135,94958,0.238965312,0.00039689502,0.3643255700256,0.271594662690942,81
"246",27,2,2702,0.186762088,0.08883951125,77.03589131,117736,0.1207074613,0.00123841501,0.214449130985758,0.646564242071679,139
"247",27,3,2703,0.1409151028,0.09039789056,241.8343204,86982,0.3014369093,0.00098954167,0.422525954212637,0.526074574987153,138
"248",27,4,2704,0.1538493332,0.0990716695,373.0419336,105634,0.1842360201,0.0023391432,0.304391652346381,0.244701789150716,138
"249",27,5,2705,0.1799495005,0.07983704075,107.192233,112166,0.4388137198,0.00084217267,0.493456291216889,0.170844389753831,138
"250",27,6,2706,0.1933634259,0.08409441271,185.5774297,128972,0.2619818723,0.00086579526,0.387971187763022,0.463919600478391,138
"251",28,1,2801,0.1160563768,0.08189649777,326.2042383,107889,0.06314231995,0.001592265,0.121289115534853,0.921721440148521,40
"252",28,2,2802,0.08656831599,0.1082089803,51.53898625,89311,0.03758785267,0.00103040189,0.0743312311383425,0.395001881806387,40
"253",28,3,2803,0.1114423752,0.1028181389,19.10043687,110201,0.05303336453,0.00057880178,0.101537195478676,0.297210518795894,133
"254",28,4,2804,0.1145847195,0.09007875933,4371.285246,109528,0.03255605199,0.00028400014,0.0635416580588437,0.59870846866622,133
"255",28,5,2805,0.1210861615,0.1165253322,36.75628734,118752,0.02966583642,0.00036233449,0.0582744576350189,0.695308275118271,173
"256",28,6,2806,0.1090627359,0.1477910598,10.11079389,109964,0.03298424716,0.00015718202,0.0640965187650079,0.188300004026122,173
"257",28,7,2807,0.1123921971,0.08885269634,240.2326,109934,0.1327284008,0.00219223411,0.234016057826164,0.496163740460644,148
"258",28,8,2808,0.1080463771,0.1583056126,3739.854647,114917,0.1174679922,0.00250898853,0.21175446133997,0.632910315174382,148
"259",28,9,2809,0.1207607408,0.0450770171,149.673282,116688,0.06572558719,0.01644523148,0.152999295449201,0.699122471870555,133
"260",29,1,2901,0.3299288917,0.09024667281,198.2117631,103009,0.2268251621,0.00069294129,0.351821585080495,0.149880868317837,70
"261",29,2,2902,0.3350465531,0.09068547565,948.3934782,101983,0.3439407405,0.00062139037,0.452105580608645,0.0636517126343245,70
"262",29,3,2903,0.3350245552,0.101663794,285.3635834,105512,0.1861409124,0.0005440454,0.30386990687671,0.121780195683055,106
"263",30,1,3001,0.0443978771,0.1414383999,36.60687373,101986,0.3169016431,0.04113244007,0.485761232603026,0.598515275145242,97
"264",30,2,3002,0.0464503874,0.1460317545,65.35230263,97780,0.7720345303,0.01425049558,0.358085517237071,0.457957814999496,137
"265",30,3,3003,0.04330327069,0.1306924605,113.3822171,97990,0.3599792769,0.03487067959,0.50299238074733,0.296813744022347,97
"266",30,4,3004,0.05645494209,0.08896681376,3068.773345,135016,0.1458827794,0.04045275999,0.31503193442396,0.153606041916624,167
"267",30,5,3005,0.04331843247,0.1281824365,329.3683306,94056,0.3727181927,0.04202366962,0.516788072301453,0.43473091192787,112
"268",30,6,3006,0.0496442221,0.1299551322,98.83838934,106213,0.6848355883,0.05555210695,0.460515631633602,0.516885714480583,28
"269",30,7,3007,0.05152526871,0.107662937,177.8368065,110905,0.2024741686,0.01112203618,0.34044958222453,0.278957273993526,28
"270",30,8,3008,0.05588988851,0.1275079564,112.7102436,127957,0.1426290287,0.03389228662,0.300391128957459,0.314407728035271,28
"271",30,9,3009,0.04920637953,0.09783885748,195.2754789,101019,0.1551804042,0.02332240278,0.300517469541153,0.0238274897968828,28
"272",30,10,3010,0.04937858282,0.1151843309,6345.732709,116440,0.174460288,0.03272971462,0.339944681746175,0.142596606671329,28
"273",30,11,3011,0.04936317451,0.1075291103,369.8268133,117973,0.2252839866,0.03478508412,0.400539343199211,0.506095301010286,182
"274",30,12,3012,0.04978893696,0.1639808573,465.9108352,125318,0.1246283234,0.04069935853,0.286133464669404,0.179732594831163,167
"275",30,13,3013,0.05221297244,0.1288877137,72.48802688,122644,0.1347780102,0.03400082157,0.289750201585448,0.340033035423515,167
"276",30,14,3014,0.04807627237,0.1145251898,32.69991125,106763,0.2272094436,0.02456034193,0.387924204497438,0.637630151959342,139
"277",30,15,3015,0.05308656204,0.1164129892,491.2038309,113731,0.2483136545,0.01945595765,0.401800453809815,0.0964520126288726,83
"278",30,16,3016,0.05302714759,0.1168549199,520.7904102,118422,0.1522910017,0.02559840812,0.300286349816825,0.215985482173861,9
"279",30,17,3017,0.04956927607,0.1324195349,58.90755757,118080,0.2291119063,0.04251102253,0.415167389548847,0.48666639913764,182
"280",30,18,3018,0.05238295693,0.09911355737,191.9877662,104929,0.6054518457,0.02766162223,0.498057169779717,0.165097644461914,9
"281",30,19,3019,0.05060138638,0.1351460644,89.42936866,115034,0.1204933448,0.02940044433,0.261936397972358,0.29138738924864,182
"282",30,20,3020,0.05232206328,0.1017214692,118.8766685,118961,0.5400400035,0.04938710795,0.537347611375764,0.244972006247085,182
"283",31,1,3101,0.1895602418,0.1089975625,20.32381797,100548,0.8367212438,0.00039744328,0.273367080114077,0.440441166355194,80
"284",31,2,3102,0.1972844422,0.09913713927,70.61130746,108531,0.6642094069,0.00111906028,0.446819576609552,0.0434574580908819,170
"285",31,3,3103,0.2109242195,0.1106918808,1220.619627,125997,0.5410143666,0.0018944489,0.498367515248153,0.136095060791108,170
"286",31,4,3104,0.2072039768,0.1318810797,996.4142606,127993,0.417795247,0.00219080735,0.489026154798883,0.0145601910044278,170
"287",31,5,3105,0.1950271198,0.1029153607,30.50952083,101946,0.839398444,0.00035207307,0.2697302314756,0.522283074995742,170
"288",32,1,3201,0.2478747272,0.103002713,29.55135019,102566,0.07716517732,0.00010729449,0.142619432617438,0.388712586984883,91
"289",32,2,3202,0.2373314742,0.1492892133,17.15688244,103686,0.09536387795,0.00019744074,0.17289636354972,0.446762809613651,12
"290",32,3,3203,0.2436783225,0.1123905005,11.3445069,102836,0.07158690189,4.157799e-05,0.133001634379143,0.692219773297672,96
"291",32,4,3204,0.2711154762,0.08283350617,63.80728606,109762,0.0624316825,0.00026859871,0.117571450031139,0.430793172867434,12
